Name,Path,Full path,%-T,%-#,Count,Count/mL,file
live (cm2015-08-26.025),live (cm2015-08-26.025),live (cm2015-08-26.025),100,---,2747,3.73E+04,live (cm2015-08-26.025)
P1,P1,live (cm2015-08-26.025)\P1,99.67,99.67,2738,3.72E+04,live (cm2015-08-26.025)
P2,P1\P2,live (cm2015-08-26.025)\P1\P2,98.8,99.12,2714,3.69E+04,live (cm2015-08-26.025)
LL3,P1\P2\LL3,live (cm2015-08-26.025)\P1\P2\LL3,0,0,0,0,live (cm2015-08-26.025)
UL3,P1\P2\UL3,live (cm2015-08-26.025)\P1\P2\UL3,98.8,100,2714,3.69E+04,live (cm2015-08-26.025)
UR3,P1\P2\UR3,live (cm2015-08-26.025)\P1\P2\UR3,0,0,0,0,live (cm2015-08-26.025)
LR3,P1\P2\LR3,live (cm2015-08-26.025)\P1\P2\LR3,0,0,0,0,live (cm2015-08-26.025)
LL4,P1\P2\LL4,live (cm2015-08-26.025)\P1\P2\LL4,0,0,0,0,live (cm2015-08-26.025)
UL4,P1\P2\UL4,live (cm2015-08-26.025)\P1\P2\UL4,98.8,100,2714,3.69E+04,live (cm2015-08-26.025)
UR4,P1\P2\UR4,live (cm2015-08-26.025)\P1\P2\UR4,0,0,0,0,live (cm2015-08-26.025)
LR4,P1\P2\LR4,live (cm2015-08-26.025)\P1\P2\LR4,0,0,0,0,live (cm2015-08-26.025)
LL5,P1\P2\LL5,live (cm2015-08-26.025)\P1\P2\LL5,0,0,0,0,live (cm2015-08-26.025)
UL5,P1\P2\UL5,live (cm2015-08-26.025)\P1\P2\UL5,0,0,0,0,live (cm2015-08-26.025)
UR5,P1\P2\UR5,live (cm2015-08-26.025)\P1\P2\UR5,0.04,0.04,1,13.6,live (cm2015-08-26.025)
LR5,P1\P2\LR5,live (cm2015-08-26.025)\P1\P2\LR5,98.76,99.96,2713,3.68E+04,live (cm2015-08-26.025)
cm2015-08-26.024,cm2015-08-26.024,cm2015-08-26.024,100,---,2667,3.61E+04,cm2015-08-26.024
P1,P1,cm2015-08-26.024\P1,99.74,99.74,2660,3.60E+04,cm2015-08-26.024
P2,P1\P2,cm2015-08-26.024\P1\P2,98.91,99.17,2638,3.57E+04,cm2015-08-26.024
LL3,P1\P2\LL3,cm2015-08-26.024\P1\P2\LL3,0,0,0,0,cm2015-08-26.024
UL3,P1\P2\UL3,cm2015-08-26.024\P1\P2\UL3,98.91,100,2638,3.57E+04,cm2015-08-26.024
UR3,P1\P2\UR3,cm2015-08-26.024\P1\P2\UR3,0,0,0,0,cm2015-08-26.024
LR3,P1\P2\LR3,cm2015-08-26.024\P1\P2\LR3,0,0,0,0,cm2015-08-26.024
LL4,P1\P2\LL4,cm2015-08-26.024\P1\P2\LL4,0,0,0,0,cm2015-08-26.024
UL4,P1\P2\UL4,cm2015-08-26.024\P1\P2\UL4,98.91,100,2638,3.57E+04,cm2015-08-26.024
UR4,P1\P2\UR4,cm2015-08-26.024\P1\P2\UR4,0,0,0,0,cm2015-08-26.024
LR4,P1\P2\LR4,cm2015-08-26.024\P1\P2\LR4,0,0,0,0,cm2015-08-26.024
LL5,P1\P2\LL5,cm2015-08-26.024\P1\P2\LL5,0,0,0,0,cm2015-08-26.024
UL5,P1\P2\UL5,cm2015-08-26.024\P1\P2\UL5,0,0,0,0,cm2015-08-26.024
UR5,P1\P2\UR5,cm2015-08-26.024\P1\P2\UR5,0.07,0.08,2,27.1,cm2015-08-26.024
LR5,P1\P2\LR5,cm2015-08-26.024\P1\P2\LR5,98.84,99.92,2636,3.57E+04,cm2015-08-26.024
cm2015-08-26.023,cm2015-08-26.023,cm2015-08-26.023,100,---,5864,7.83E+04,cm2015-08-26.023
P1,P1,cm2015-08-26.023\P1,99.64,99.64,5843,7.80E+04,cm2015-08-26.023
P2,P1\P2,cm2015-08-26.023\P1\P2,97.8,98.15,5735,7.66E+04,cm2015-08-26.023
LL3,P1\P2\LL3,cm2015-08-26.023\P1\P2\LL3,4.08,4.17,239,3.19E+03,cm2015-08-26.023
UL3,P1\P2\UL3,cm2015-08-26.023\P1\P2\UL3,12.93,13.22,758,1.01E+04,cm2015-08-26.023
UR3,P1\P2\UR3,cm2015-08-26.023\P1\P2\UR3,0,0,0,0,cm2015-08-26.023
LR3,P1\P2\LR3,cm2015-08-26.023\P1\P2\LR3,80.8,82.62,4738,6.33E+04,cm2015-08-26.023
LL4,P1\P2\LL4,cm2015-08-26.023\P1\P2\LL4,85.03,86.94,4986,6.66E+04,cm2015-08-26.023
UL4,P1\P2\UL4,cm2015-08-26.023\P1\P2\UL4,12.77,13.06,749,1.00E+04,cm2015-08-26.023
UR4,P1\P2\UR4,cm2015-08-26.023\P1\P2\UR4,0,0,0,0,cm2015-08-26.023
LR4,P1\P2\LR4,cm2015-08-26.023\P1\P2\LR4,0,0,0,0,cm2015-08-26.023
LL5,P1\P2\LL5,cm2015-08-26.023\P1\P2\LL5,84.82,86.73,4974,6.64E+04,cm2015-08-26.023
UL5,P1\P2\UL5,cm2015-08-26.023\P1\P2\UL5,0,0,0,0,cm2015-08-26.023
UR5,P1\P2\UR5,cm2015-08-26.023\P1\P2\UR5,0,0,0,0,cm2015-08-26.023
LR5,P1\P2\LR5,cm2015-08-26.023\P1\P2\LR5,12.98,13.27,761,1.02E+04,cm2015-08-26.023
cm2015-08-26.022,cm2015-08-26.022,cm2015-08-26.022,100,---,5786,7.88E+04,cm2015-08-26.022
P1,P1,cm2015-08-26.022\P1,99.72,99.72,5770,7.85E+04,cm2015-08-26.022
P2,P1\P2,cm2015-08-26.022\P1\P2,97.96,98.23,5668,7.72E+04,cm2015-08-26.022
LL3,P1\P2\LL3,cm2015-08-26.022\P1\P2\LL3,4.11,4.2,238,3.24E+03,cm2015-08-26.022
UL3,P1\P2\UL3,cm2015-08-26.022\P1\P2\UL3,12.08,12.33,699,9.52E+03,cm2015-08-26.022
UR3,P1\P2\UR3,cm2015-08-26.022\P1\P2\UR3,0.03,0.04,2,27.2,cm2015-08-26.022
LR3,P1\P2\LR3,cm2015-08-26.022\P1\P2\LR3,81.73,83.43,4729,6.44E+04,cm2015-08-26.022
LL4,P1\P2\LL4,cm2015-08-26.022\P1\P2\LL4,86.02,87.81,4977,6.78E+04,cm2015-08-26.022
UL4,P1\P2\UL4,cm2015-08-26.022\P1\P2\UL4,11.93,12.17,690,9.39E+03,cm2015-08-26.022
UR4,P1\P2\UR4,cm2015-08-26.022\P1\P2\UR4,0.02,0.02,1,13.6,cm2015-08-26.022
LR4,P1\P2\LR4,cm2015-08-26.022\P1\P2\LR4,0,0,0,0,cm2015-08-26.022
LL5,P1\P2\LL5,cm2015-08-26.022\P1\P2\LL5,85.81,87.6,4965,6.76E+04,cm2015-08-26.022
UL5,P1\P2\UL5,cm2015-08-26.022\P1\P2\UL5,0,0,0,0,cm2015-08-26.022
UR5,P1\P2\UR5,cm2015-08-26.022\P1\P2\UR5,0.02,0.02,1,13.6,cm2015-08-26.022
LR5,P1\P2\LR5,cm2015-08-26.022\P1\P2\LR5,12.13,12.39,702,9.56E+03,cm2015-08-26.022
cm2015-08-26.021,cm2015-08-26.021,cm2015-08-26.021,100,---,5062,6.92E+04,cm2015-08-26.021
P1,P1,cm2015-08-26.021\P1,99.64,99.64,5044,6.90E+04,cm2015-08-26.021
P2,P1\P2,cm2015-08-26.021\P1\P2,97.98,98.33,4960,6.78E+04,cm2015-08-26.021
LL3,P1\P2\LL3,cm2015-08-26.021\P1\P2\LL3,4.13,4.21,209,2.86E+03,cm2015-08-26.021
UL3,P1\P2\UL3,cm2015-08-26.021\P1\P2\UL3,19.91,20.32,1008,1.38E+04,cm2015-08-26.021
UR3,P1\P2\UR3,cm2015-08-26.021\P1\P2\UR3,0.02,0.02,1,13.7,cm2015-08-26.021
LR3,P1\P2\LR3,cm2015-08-26.021\P1\P2\LR3,73.92,75.44,3742,5.12E+04,cm2015-08-26.021
LL4,P1\P2\LL4,cm2015-08-26.021\P1\P2\LL4,78.21,79.82,3959,5.42E+04,cm2015-08-26.021
UL4,P1\P2\UL4,cm2015-08-26.021\P1\P2\UL4,19.77,20.18,1001,1.37E+04,cm2015-08-26.021
UR4,P1\P2\UR4,cm2015-08-26.021\P1\P2\UR4,0,0,0,0,cm2015-08-26.021
LR4,P1\P2\LR4,cm2015-08-26.021\P1\P2\LR4,0,0,0,0,cm2015-08-26.021
LL5,P1\P2\LL5,cm2015-08-26.021\P1\P2\LL5,77.99,79.6,3948,5.40E+04,cm2015-08-26.021
UL5,P1\P2\UL5,cm2015-08-26.021\P1\P2\UL5,0,0,0,0,cm2015-08-26.021
UR5,P1\P2\UR5,cm2015-08-26.021\P1\P2\UR5,0,0,0,0,cm2015-08-26.021
LR5,P1\P2\LR5,cm2015-08-26.021\P1\P2\LR5,19.99,20.4,1012,1.38E+04,cm2015-08-26.021
cm2015-08-26.020,cm2015-08-26.020,cm2015-08-26.020,100,---,5762,7.69E+04,cm2015-08-26.020
P1,P1,cm2015-08-26.020\P1,91.01,91.01,5244,7.00E+04,cm2015-08-26.020
P2,P1\P2,cm2015-08-26.020\P1\P2,89.38,98.21,5150,6.88E+04,cm2015-08-26.020
LL3,P1\P2\LL3,cm2015-08-26.020\P1\P2\LL3,3.44,3.84,198,2.64E+03,cm2015-08-26.020
UL3,P1\P2\UL3,cm2015-08-26.020\P1\P2\UL3,18.4,20.58,1060,1.42E+04,cm2015-08-26.020
UR3,P1\P2\UR3,cm2015-08-26.020\P1\P2\UR3,0.03,0.04,2,26.7,cm2015-08-26.020
LR3,P1\P2\LR3,cm2015-08-26.020\P1\P2\LR3,67.51,75.53,3890,5.19E+04,cm2015-08-26.020
LL4,P1\P2\LL4,cm2015-08-26.020\P1\P2\LL4,71.07,79.51,4095,5.47E+04,cm2015-08-26.020
UL4,P1\P2\UL4,cm2015-08-26.020\P1\P2\UL4,18.31,20.49,1055,1.41E+04,cm2015-08-26.020
UR4,P1\P2\UR4,cm2015-08-26.020\P1\P2\UR4,0,0,0,0,cm2015-08-26.020
LR4,P1\P2\LR4,cm2015-08-26.020\P1\P2\LR4,0,0,0,0,cm2015-08-26.020
LL5,P1\P2\LL5,cm2015-08-26.020\P1\P2\LL5,70.91,79.34,4086,5.46E+04,cm2015-08-26.020
UL5,P1\P2\UL5,cm2015-08-26.020\P1\P2\UL5,0,0,0,0,cm2015-08-26.020
UR5,P1\P2\UR5,cm2015-08-26.020\P1\P2\UR5,0,0,0,0,cm2015-08-26.020
LR5,P1\P2\LR5,cm2015-08-26.020\P1\P2\LR5,18.47,20.66,1064,1.42E+04,cm2015-08-26.020
cm2015-08-26.019,cm2015-08-26.019,cm2015-08-26.019,100,---,4587,6.23E+04,cm2015-08-26.019
P1,P1,cm2015-08-26.019\P1,99.72,99.72,4574,6.21E+04,cm2015-08-26.019
P2,P1\P2,cm2015-08-26.019\P1\P2,97.95,98.23,4493,6.10E+04,cm2015-08-26.019
LL3,P1\P2\LL3,cm2015-08-26.019\P1\P2\LL3,3.77,3.85,173,2.35E+03,cm2015-08-26.019
UL3,P1\P2\UL3,cm2015-08-26.019\P1\P2\UL3,34.92,35.66,1602,2.18E+04,cm2015-08-26.019
UR3,P1\P2\UR3,cm2015-08-26.019\P1\P2\UR3,0.02,0.02,1,13.6,cm2015-08-26.019
LR3,P1\P2\LR3,cm2015-08-26.019\P1\P2\LR3,59.23,60.47,2717,3.69E+04,cm2015-08-26.019
LL4,P1\P2\LL4,cm2015-08-26.019\P1\P2\LL4,63.13,64.46,2896,3.93E+04,cm2015-08-26.019
UL4,P1\P2\UL4,cm2015-08-26.019\P1\P2\UL4,34.82,35.54,1597,2.17E+04,cm2015-08-26.019
UR4,P1\P2\UR4,cm2015-08-26.019\P1\P2\UR4,0,0,0,0,cm2015-08-26.019
LR4,P1\P2\LR4,cm2015-08-26.019\P1\P2\LR4,0,0,0,0,cm2015-08-26.019
LL5,P1\P2\LL5,cm2015-08-26.019\P1\P2\LL5,62.96,64.28,2888,3.92E+04,cm2015-08-26.019
UL5,P1\P2\UL5,cm2015-08-26.019\P1\P2\UL5,0,0,0,0,cm2015-08-26.019
UR5,P1\P2\UR5,cm2015-08-26.019\P1\P2\UR5,0,0,0,0,cm2015-08-26.019
LR5,P1\P2\LR5,cm2015-08-26.019\P1\P2\LR5,34.99,35.72,1605,2.18E+04,cm2015-08-26.019
cm2015-08-26.018,cm2015-08-26.018,cm2015-08-26.018,100,---,5016,6.70E+04,cm2015-08-26.018
P1,P1,cm2015-08-26.018\P1,89.51,89.51,4490,6.00E+04,cm2015-08-26.018
P2,P1\P2,cm2015-08-26.018\P1\P2,87.88,98.17,4408,5.89E+04,cm2015-08-26.018
LL3,P1\P2\LL3,cm2015-08-26.018\P1\P2\LL3,2.87,3.27,144,1.92E+03,cm2015-08-26.018
UL3,P1\P2\UL3,cm2015-08-26.018\P1\P2\UL3,30.74,34.98,1542,2.06E+04,cm2015-08-26.018
UR3,P1\P2\UR3,cm2015-08-26.018\P1\P2\UR3,0.06,0.07,3,40.1,cm2015-08-26.018
LR3,P1\P2\LR3,cm2015-08-26.018\P1\P2\LR3,54.21,61.68,2719,3.63E+04,cm2015-08-26.018
LL4,P1\P2\LL4,cm2015-08-26.018\P1\P2\LL4,57.24,65.13,2871,3.83E+04,cm2015-08-26.018
UL4,P1\P2\UL4,cm2015-08-26.018\P1\P2\UL4,30.64,34.87,1537,2.05E+04,cm2015-08-26.018
UR4,P1\P2\UR4,cm2015-08-26.018\P1\P2\UR4,0,0,0,0,cm2015-08-26.018
LR4,P1\P2\LR4,cm2015-08-26.018\P1\P2\LR4,0,0,0,0,cm2015-08-26.018
LL5,P1\P2\LL5,cm2015-08-26.018\P1\P2\LL5,57,64.86,2859,3.82E+04,cm2015-08-26.018
UL5,P1\P2\UL5,cm2015-08-26.018\P1\P2\UL5,0,0,0,0,cm2015-08-26.018
UR5,P1\P2\UR5,cm2015-08-26.018\P1\P2\UR5,0.02,0.02,1,13.4,cm2015-08-26.018
LR5,P1\P2\LR5,cm2015-08-26.018\P1\P2\LR5,30.86,35.12,1548,2.07E+04,cm2015-08-26.018
cm2015-08-26.017,cm2015-08-26.017,cm2015-08-26.017,100,---,2613,3.55E+04,cm2015-08-26.017
P1,P1,cm2015-08-26.017\P1,99.39,99.39,2597,3.53E+04,cm2015-08-26.017
P2,P1\P2,cm2015-08-26.017\P1\P2,98.39,99,2571,3.49E+04,cm2015-08-26.017
LL3,P1\P2\LL3,cm2015-08-26.017\P1\P2\LL3,0.61,0.62,16,217,cm2015-08-26.017
UL3,P1\P2\UL3,cm2015-08-26.017\P1\P2\UL3,7.08,7.2,185,2.51E+03,cm2015-08-26.017
UR3,P1\P2\UR3,cm2015-08-26.017\P1\P2\UR3,0.08,0.08,2,27.2,cm2015-08-26.017
LR3,P1\P2\LR3,cm2015-08-26.017\P1\P2\LR3,90.62,92.1,2368,3.22E+04,cm2015-08-26.017
LL4,P1\P2\LL4,cm2015-08-26.017\P1\P2\LL4,91.31,92.8,2386,3.24E+04,cm2015-08-26.017
UL4,P1\P2\UL4,cm2015-08-26.017\P1\P2\UL4,7.04,7.16,184,2.50E+03,cm2015-08-26.017
UR4,P1\P2\UR4,cm2015-08-26.017\P1\P2\UR4,0.04,0.04,1,13.6,cm2015-08-26.017
LR4,P1\P2\LR4,cm2015-08-26.017\P1\P2\LR4,0,0,0,0,cm2015-08-26.017
LL5,P1\P2\LL5,cm2015-08-26.017\P1\P2\LL5,90.24,91.72,2358,3.20E+04,cm2015-08-26.017
UL5,P1\P2\UL5,cm2015-08-26.017\P1\P2\UL5,0.11,0.12,3,40.8,cm2015-08-26.017
UR5,P1\P2\UR5,cm2015-08-26.017\P1\P2\UR5,0.23,0.23,6,81.5,cm2015-08-26.017
LR5,P1\P2\LR5,cm2015-08-26.017\P1\P2\LR5,7.81,7.93,204,2.77E+03,cm2015-08-26.017
cm2015-08-26.016,cm2015-08-26.016,cm2015-08-26.016,100,---,2665,3.62E+04,cm2015-08-26.016
P1,P1,cm2015-08-26.016\P1,99.51,99.51,2652,3.60E+04,cm2015-08-26.016
P2,P1\P2,cm2015-08-26.016\P1\P2,98.87,99.36,2635,3.58E+04,cm2015-08-26.016
LL3,P1\P2\LL3,cm2015-08-26.016\P1\P2\LL3,0.49,0.49,13,177,cm2015-08-26.016
UL3,P1\P2\UL3,cm2015-08-26.016\P1\P2\UL3,7.05,7.13,188,2.55E+03,cm2015-08-26.016
UR3,P1\P2\UR3,cm2015-08-26.016\P1\P2\UR3,0.11,0.11,3,40.7,cm2015-08-26.016
LR3,P1\P2\LR3,cm2015-08-26.016\P1\P2\LR3,91.22,92.26,2431,3.30E+04,cm2015-08-26.016
LL4,P1\P2\LL4,cm2015-08-26.016\P1\P2\LL4,91.93,92.98,2450,3.33E+04,cm2015-08-26.016
UL4,P1\P2\UL4,cm2015-08-26.016\P1\P2\UL4,6.94,7.02,185,2.51E+03,cm2015-08-26.016
UR4,P1\P2\UR4,cm2015-08-26.016\P1\P2\UR4,0,0,0,0,cm2015-08-26.016
LR4,P1\P2\LR4,cm2015-08-26.016\P1\P2\LR4,0,0,0,0,cm2015-08-26.016
LL5,P1\P2\LL5,cm2015-08-26.016\P1\P2\LL5,90.81,91.84,2420,3.29E+04,cm2015-08-26.016
UL5,P1\P2\UL5,cm2015-08-26.016\P1\P2\UL5,0,0,0,0,cm2015-08-26.016
UR5,P1\P2\UR5,cm2015-08-26.016\P1\P2\UR5,0.15,0.15,4,54.3,cm2015-08-26.016
LR5,P1\P2\LR5,cm2015-08-26.016\P1\P2\LR5,7.92,8.01,211,2.87E+03,cm2015-08-26.016
cm2015-08-26.015,cm2015-08-26.015,cm2015-08-26.015,100,---,2586,3.52E+04,cm2015-08-26.015
P1,P1,cm2015-08-26.015\P1,99.61,99.61,2576,3.51E+04,cm2015-08-26.015
P2,P1\P2,cm2015-08-26.015\P1\P2,99.19,99.57,2565,3.49E+04,cm2015-08-26.015
LL3,P1\P2\LL3,cm2015-08-26.015\P1\P2\LL3,0.04,0.04,1,13.6,cm2015-08-26.015
UL3,P1\P2\UL3,cm2015-08-26.015\P1\P2\UL3,99.15,99.96,2564,3.49E+04,cm2015-08-26.015
UR3,P1\P2\UR3,cm2015-08-26.015\P1\P2\UR3,0,0,0,0,cm2015-08-26.015
LR3,P1\P2\LR3,cm2015-08-26.015\P1\P2\LR3,0,0,0,0,cm2015-08-26.015
LL4,P1\P2\LL4,cm2015-08-26.015\P1\P2\LL4,0.04,0.04,1,13.6,cm2015-08-26.015
UL4,P1\P2\UL4,cm2015-08-26.015\P1\P2\UL4,99.15,99.96,2564,3.49E+04,cm2015-08-26.015
UR4,P1\P2\UR4,cm2015-08-26.015\P1\P2\UR4,0,0,0,0,cm2015-08-26.015
LR4,P1\P2\LR4,cm2015-08-26.015\P1\P2\LR4,0,0,0,0,cm2015-08-26.015
LL5,P1\P2\LL5,cm2015-08-26.015\P1\P2\LL5,0.04,0.04,1,13.6,cm2015-08-26.015
UL5,P1\P2\UL5,cm2015-08-26.015\P1\P2\UL5,0,0,0,0,cm2015-08-26.015
UR5,P1\P2\UR5,cm2015-08-26.015\P1\P2\UR5,0,0,0,0,cm2015-08-26.015
LR5,P1\P2\LR5,cm2015-08-26.015\P1\P2\LR5,99.15,99.96,2564,3.49E+04,cm2015-08-26.015
cm2015-08-26.014,cm2015-08-26.014,cm2015-08-26.014,100,---,2596,3.53E+04,cm2015-08-26.014
P1,P1,cm2015-08-26.014\P1,99.61,99.61,2586,3.52E+04,cm2015-08-26.014
P2,P1\P2,cm2015-08-26.014\P1\P2,98.84,99.23,2566,3.49E+04,cm2015-08-26.014
LL3,P1\P2\LL3,cm2015-08-26.014\P1\P2\LL3,0.08,0.08,2,27.2,cm2015-08-26.014
UL3,P1\P2\UL3,cm2015-08-26.014\P1\P2\UL3,98.77,99.92,2564,3.49E+04,cm2015-08-26.014
UR3,P1\P2\UR3,cm2015-08-26.014\P1\P2\UR3,0,0,0,0,cm2015-08-26.014
LR3,P1\P2\LR3,cm2015-08-26.014\P1\P2\LR3,0,0,0,0,cm2015-08-26.014
LL4,P1\P2\LL4,cm2015-08-26.014\P1\P2\LL4,0.08,0.08,2,27.2,cm2015-08-26.014
UL4,P1\P2\UL4,cm2015-08-26.014\P1\P2\UL4,98.77,99.92,2564,3.49E+04,cm2015-08-26.014
UR4,P1\P2\UR4,cm2015-08-26.014\P1\P2\UR4,0,0,0,0,cm2015-08-26.014
LR4,P1\P2\LR4,cm2015-08-26.014\P1\P2\LR4,0,0,0,0,cm2015-08-26.014
LL5,P1\P2\LL5,cm2015-08-26.014\P1\P2\LL5,0.08,0.08,2,27.2,cm2015-08-26.014
UL5,P1\P2\UL5,cm2015-08-26.014\P1\P2\UL5,0,0,0,0,cm2015-08-26.014
UR5,P1\P2\UR5,cm2015-08-26.014\P1\P2\UR5,0,0,0,0,cm2015-08-26.014
LR5,P1\P2\LR5,cm2015-08-26.014\P1\P2\LR5,98.77,99.92,2564,3.49E+04,cm2015-08-26.014
cm2015-08-26.013,cm2015-08-26.013,cm2015-08-26.013,100,---,2132,2.93E+04,cm2015-08-26.013
P1,P1,cm2015-08-26.013\P1,99.62,99.62,2124,2.92E+04,cm2015-08-26.013
P2,P1\P2,cm2015-08-26.013\P1\P2,99.02,99.39,2111,2.90E+04,cm2015-08-26.013
LL3,P1\P2\LL3,cm2015-08-26.013\P1\P2\LL3,0,0,0,0,cm2015-08-26.013
UL3,P1\P2\UL3,cm2015-08-26.013\P1\P2\UL3,61.02,61.63,1301,1.79E+04,cm2015-08-26.013
UR3,P1\P2\UR3,cm2015-08-26.013\P1\P2\UR3,0.09,0.09,2,27.5,cm2015-08-26.013
LR3,P1\P2\LR3,cm2015-08-26.013\P1\P2\LR3,37.9,38.28,808,1.11E+04,cm2015-08-26.013
LL4,P1\P2\LL4,cm2015-08-26.013\P1\P2\LL4,38.13,38.51,813,1.12E+04,cm2015-08-26.013
UL4,P1\P2\UL4,cm2015-08-26.013\P1\P2\UL4,60.88,61.49,1298,1.78E+04,cm2015-08-26.013
UR4,P1\P2\UR4,cm2015-08-26.013\P1\P2\UR4,0,0,0,0,cm2015-08-26.013
LR4,P1\P2\LR4,cm2015-08-26.013\P1\P2\LR4,0,0,0,0,cm2015-08-26.013
LL5,P1\P2\LL5,cm2015-08-26.013\P1\P2\LL5,37.8,38.18,806,1.11E+04,cm2015-08-26.013
UL5,P1\P2\UL5,cm2015-08-26.013\P1\P2\UL5,0,0,0,0,cm2015-08-26.013
UR5,P1\P2\UR5,cm2015-08-26.013\P1\P2\UR5,0,0,0,0,cm2015-08-26.013
LR5,P1\P2\LR5,cm2015-08-26.013\P1\P2\LR5,61.21,61.82,1305,1.79E+04,cm2015-08-26.013
cm2015-08-26.012,cm2015-08-26.012,cm2015-08-26.012,100,---,5172,7.04E+04,cm2015-08-26.012
P1,P1,cm2015-08-26.012\P1,47.54,47.54,2459,3.35E+04,cm2015-08-26.012
P2,P1\P2,cm2015-08-26.012\P1\P2,46.71,98.25,2416,3.29E+04,cm2015-08-26.012
LL3,P1\P2\LL3,cm2015-08-26.012\P1\P2\LL3,0.12,0.25,6,81.7,cm2015-08-26.012
UL3,P1\P2\UL3,cm2015-08-26.012\P1\P2\UL3,28.46,60.93,1472,2.00E+04,cm2015-08-26.012
UR3,P1\P2\UR3,cm2015-08-26.012\P1\P2\UR3,0.06,0.12,3,40.8,cm2015-08-26.012
LR3,P1\P2\LR3,cm2015-08-26.012\P1\P2\LR3,18.08,38.7,935,1.27E+04,cm2015-08-26.012
LL4,P1\P2\LL4,cm2015-08-26.012\P1\P2\LL4,18.23,39.03,943,1.28E+04,cm2015-08-26.012
UL4,P1\P2\UL4,cm2015-08-26.012\P1\P2\UL4,28.48,60.97,1473,2.01E+04,cm2015-08-26.012
UR4,P1\P2\UR4,cm2015-08-26.012\P1\P2\UR4,0,0,0,0,cm2015-08-26.012
LR4,P1\P2\LR4,cm2015-08-26.012\P1\P2\LR4,0,0,0,0,cm2015-08-26.012
LL5,P1\P2\LL5,cm2015-08-26.012\P1\P2\LL5,18.1,38.74,936,1.27E+04,cm2015-08-26.012
UL5,P1\P2\UL5,cm2015-08-26.012\P1\P2\UL5,0,0,0,0,cm2015-08-26.012
UR5,P1\P2\UR5,cm2015-08-26.012\P1\P2\UR5,0,0,0,0,cm2015-08-26.012
LR5,P1\P2\LR5,cm2015-08-26.012\P1\P2\LR5,28.62,61.26,1480,2.01E+04,cm2015-08-26.012
cm2015-08-26.011,cm2015-08-26.011,cm2015-08-26.011,100,---,2623,3.59E+04,cm2015-08-26.011
P1,P1,cm2015-08-26.011\P1,99.58,99.58,2612,3.57E+04,cm2015-08-26.011
P2,P1\P2,cm2015-08-26.011\P1\P2,98.97,99.39,2596,3.55E+04,cm2015-08-26.011
LL3,P1\P2\LL3,cm2015-08-26.011\P1\P2\LL3,0.23,0.23,6,82.1,cm2015-08-26.011
UL3,P1\P2\UL3,cm2015-08-26.011\P1\P2\UL3,73.69,74.46,1933,2.64E+04,cm2015-08-26.011
UR3,P1\P2\UR3,cm2015-08-26.011\P1\P2\UR3,0.08,0.08,2,27.4,cm2015-08-26.011
LR3,P1\P2\LR3,cm2015-08-26.011\P1\P2\LR3,24.97,25.23,655,8.96E+03,cm2015-08-26.011
LL4,P1\P2\LL4,cm2015-08-26.011\P1\P2\LL4,25.35,25.62,665,9.10E+03,cm2015-08-26.011
UL4,P1\P2\UL4,cm2015-08-26.011\P1\P2\UL4,73.62,74.38,1931,2.64E+04,cm2015-08-26.011
UR4,P1\P2\UR4,cm2015-08-26.011\P1\P2\UR4,0,0,0,0,cm2015-08-26.011
LR4,P1\P2\LR4,cm2015-08-26.011\P1\P2\LR4,0,0,0,0,cm2015-08-26.011
LL5,P1\P2\LL5,cm2015-08-26.011\P1\P2\LL5,24.97,25.23,655,8.96E+03,cm2015-08-26.011
UL5,P1\P2\UL5,cm2015-08-26.011\P1\P2\UL5,0,0,0,0,cm2015-08-26.011
UR5,P1\P2\UR5,cm2015-08-26.011\P1\P2\UR5,0,0,0,0,cm2015-08-26.011
LR5,P1\P2\LR5,cm2015-08-26.011\P1\P2\LR5,74,74.77,1941,2.66E+04,cm2015-08-26.011
cm2015-08-26.010,cm2015-08-26.010,cm2015-08-26.010,100,---,2954,3.94E+04,cm2015-08-26.010
P1,P1,cm2015-08-26.010\P1,82.8,82.8,2446,3.27E+04,cm2015-08-26.010
P2,P1\P2,cm2015-08-26.010\P1\P2,82.19,99.26,2428,3.24E+04,cm2015-08-26.010
LL3,P1\P2\LL3,cm2015-08-26.010\P1\P2\LL3,0.24,0.29,7,93.5,cm2015-08-26.010
UL3,P1\P2\UL3,cm2015-08-26.010\P1\P2\UL3,62.29,75.78,1840,2.46E+04,cm2015-08-26.010
UR3,P1\P2\UR3,cm2015-08-26.010\P1\P2\UR3,0.14,0.16,4,53.4,cm2015-08-26.010
LR3,P1\P2\LR3,cm2015-08-26.010\P1\P2\LR3,19.53,23.76,577,7.70E+03,cm2015-08-26.010
LL4,P1\P2\LL4,cm2015-08-26.010\P1\P2\LL4,19.87,24.18,587,7.84E+03,cm2015-08-26.010
UL4,P1\P2\UL4,cm2015-08-26.010\P1\P2\UL4,62.32,75.82,1841,2.46E+04,cm2015-08-26.010
UR4,P1\P2\UR4,cm2015-08-26.010\P1\P2\UR4,0,0,0,0,cm2015-08-26.010
LR4,P1\P2\LR4,cm2015-08-26.010\P1\P2\LR4,0,0,0,0,cm2015-08-26.010
LL5,P1\P2\LL5,cm2015-08-26.010\P1\P2\LL5,19.63,23.89,580,7.74E+03,cm2015-08-26.010
UL5,P1\P2\UL5,cm2015-08-26.010\P1\P2\UL5,0,0,0,0,cm2015-08-26.010
UR5,P1\P2\UR5,cm2015-08-26.010\P1\P2\UR5,0,0,0,0,cm2015-08-26.010
LR5,P1\P2\LR5,cm2015-08-26.010\P1\P2\LR5,62.56,76.11,1848,2.47E+04,cm2015-08-26.010
cm2015-08-26.009,cm2015-08-26.009,cm2015-08-26.009,100,---,2454,3.32E+04,cm2015-08-26.009
P1,P1,cm2015-08-26.009\P1,99.55,99.55,2443,3.30E+04,cm2015-08-26.009
P2,P1\P2,cm2015-08-26.009\P1\P2,98.61,99.06,2420,3.27E+04,cm2015-08-26.009
LL3,P1\P2\LL3,cm2015-08-26.009\P1\P2\LL3,0.16,0.17,4,54.1,cm2015-08-26.009
UL3,P1\P2\UL3,cm2015-08-26.009\P1\P2\UL3,57.54,58.35,1412,1.91E+04,cm2015-08-26.009
UR3,P1\P2\UR3,cm2015-08-26.009\P1\P2\UR3,0,0,0,0,cm2015-08-26.009
LR3,P1\P2\LR3,cm2015-08-26.009\P1\P2\LR3,40.91,41.49,1004,1.36E+04,cm2015-08-26.009
LL4,P1\P2\LL4,cm2015-08-26.009\P1\P2\LL4,41.08,41.65,1008,1.36E+04,cm2015-08-26.009
UL4,P1\P2\UL4,cm2015-08-26.009\P1\P2\UL4,57.54,58.35,1412,1.91E+04,cm2015-08-26.009
UR4,P1\P2\UR4,cm2015-08-26.009\P1\P2\UR4,0,0,0,0,cm2015-08-26.009
LR4,P1\P2\LR4,cm2015-08-26.009\P1\P2\LR4,0,0,0,0,cm2015-08-26.009
LL5,P1\P2\LL5,cm2015-08-26.009\P1\P2\LL5,40.79,41.36,1001,1.35E+04,cm2015-08-26.009
UL5,P1\P2\UL5,cm2015-08-26.009\P1\P2\UL5,0.04,0.04,1,13.5,cm2015-08-26.009
UR5,P1\P2\UR5,cm2015-08-26.009\P1\P2\UR5,0.12,0.12,3,40.5,cm2015-08-26.009
LR5,P1\P2\LR5,cm2015-08-26.009\P1\P2\LR5,57.66,58.47,1415,1.91E+04,cm2015-08-26.009
cm2015-08-26.008,cm2015-08-26.008,cm2015-08-26.008,100,---,2326,3.15E+04,cm2015-08-26.008
P1,P1,cm2015-08-26.008\P1,99.74,99.74,2320,3.15E+04,cm2015-08-26.008
P2,P1\P2,cm2015-08-26.008\P1\P2,98.71,98.97,2296,3.11E+04,cm2015-08-26.008
LL3,P1\P2\LL3,cm2015-08-26.008\P1\P2\LL3,0.09,0.09,2,27.1,cm2015-08-26.008
UL3,P1\P2\UL3,cm2015-08-26.008\P1\P2\UL3,56.41,57.14,1312,1.78E+04,cm2015-08-26.008
UR3,P1\P2\UR3,cm2015-08-26.008\P1\P2\UR3,0.04,0.04,1,13.6,cm2015-08-26.008
LR3,P1\P2\LR3,cm2015-08-26.008\P1\P2\LR3,42.18,42.73,981,1.33E+04,cm2015-08-26.008
LL4,P1\P2\LL4,cm2015-08-26.008\P1\P2\LL4,42.3,42.86,984,1.33E+04,cm2015-08-26.008
UL4,P1\P2\UL4,cm2015-08-26.008\P1\P2\UL4,56.41,57.14,1312,1.78E+04,cm2015-08-26.008
UR4,P1\P2\UR4,cm2015-08-26.008\P1\P2\UR4,0,0,0,0,cm2015-08-26.008
LR4,P1\P2\LR4,cm2015-08-26.008\P1\P2\LR4,0,0,0,0,cm2015-08-26.008
LL5,P1\P2\LL5,cm2015-08-26.008\P1\P2\LL5,42.13,42.68,980,1.33E+04,cm2015-08-26.008
UL5,P1\P2\UL5,cm2015-08-26.008\P1\P2\UL5,0.04,0.04,1,13.6,cm2015-08-26.008
UR5,P1\P2\UR5,cm2015-08-26.008\P1\P2\UR5,0.13,0.13,3,40.7,cm2015-08-26.008
LR5,P1\P2\LR5,cm2015-08-26.008\P1\P2\LR5,56.41,57.14,1312,1.78E+04,cm2015-08-26.008
cm2015-08-26.007,cm2015-08-26.007,cm2015-08-26.007,100,---,2356,3.20E+04,cm2015-08-26.007
P1,P1,cm2015-08-26.007\P1,99.66,99.66,2348,3.19E+04,cm2015-08-26.007
P2,P1\P2,cm2015-08-26.007\P1\P2,98.77,99.11,2327,3.16E+04,cm2015-08-26.007
LL3,P1\P2\LL3,cm2015-08-26.007\P1\P2\LL3,0.21,0.21,5,68,cm2015-08-26.007
UL3,P1\P2\UL3,cm2015-08-26.007\P1\P2\UL3,54.2,54.88,1277,1.74E+04,cm2015-08-26.007
UR3,P1\P2\UR3,cm2015-08-26.007\P1\P2\UR3,0.08,0.09,2,27.2,cm2015-08-26.007
LR3,P1\P2\LR3,cm2015-08-26.007\P1\P2\LR3,44.27,44.82,1043,1.42E+04,cm2015-08-26.007
LL4,P1\P2\LL4,cm2015-08-26.007\P1\P2\LL4,44.52,45.08,1049,1.43E+04,cm2015-08-26.007
UL4,P1\P2\UL4,cm2015-08-26.007\P1\P2\UL4,54.24,54.92,1278,1.74E+04,cm2015-08-26.007
UR4,P1\P2\UR4,cm2015-08-26.007\P1\P2\UR4,0,0,0,0,cm2015-08-26.007
LR4,P1\P2\LR4,cm2015-08-26.007\P1\P2\LR4,0,0,0,0,cm2015-08-26.007
LL5,P1\P2\LL5,cm2015-08-26.007\P1\P2\LL5,44.35,44.91,1045,1.42E+04,cm2015-08-26.007
UL5,P1\P2\UL5,cm2015-08-26.007\P1\P2\UL5,0,0,0,0,cm2015-08-26.007
UR5,P1\P2\UR5,cm2015-08-26.007\P1\P2\UR5,0,0,0,0,cm2015-08-26.007
LR5,P1\P2\LR5,cm2015-08-26.007\P1\P2\LR5,54.41,55.09,1282,1.74E+04,cm2015-08-26.007
cm2015-08-26.006,cm2015-08-26.006,cm2015-08-26.006,100,---,2677,3.67E+04,cm2015-08-26.006
P1,P1,cm2015-08-26.006\P1,99.63,99.63,2667,3.66E+04,cm2015-08-26.006
P2,P1\P2,cm2015-08-26.006\P1\P2,98.66,99.03,2641,3.62E+04,cm2015-08-26.006
LL3,P1\P2\LL3,cm2015-08-26.006\P1\P2\LL3,0.34,0.34,9,123,cm2015-08-26.006
UL3,P1\P2\UL3,cm2015-08-26.006\P1\P2\UL3,53.19,53.92,1424,1.95E+04,cm2015-08-26.006
UR3,P1\P2\UR3,cm2015-08-26.006\P1\P2\UR3,0.04,0.04,1,13.7,cm2015-08-26.006
LR3,P1\P2\LR3,cm2015-08-26.006\P1\P2\LR3,45.09,45.7,1207,1.66E+04,cm2015-08-26.006
LL4,P1\P2\LL4,cm2015-08-26.006\P1\P2\LL4,45.5,46.12,1218,1.67E+04,cm2015-08-26.006
UL4,P1\P2\UL4,cm2015-08-26.006\P1\P2\UL4,53.16,53.88,1423,1.95E+04,cm2015-08-26.006
UR4,P1\P2\UR4,cm2015-08-26.006\P1\P2\UR4,0,0,0,0,cm2015-08-26.006
LR4,P1\P2\LR4,cm2015-08-26.006\P1\P2\LR4,0,0,0,0,cm2015-08-26.006
LL5,P1\P2\LL5,cm2015-08-26.006\P1\P2\LL5,45.27,45.89,1212,1.66E+04,cm2015-08-26.006
UL5,P1\P2\UL5,cm2015-08-26.006\P1\P2\UL5,0,0,0,0,cm2015-08-26.006
UR5,P1\P2\UR5,cm2015-08-26.006\P1\P2\UR5,0,0,0,0,cm2015-08-26.006
LR5,P1\P2\LR5,cm2015-08-26.006\P1\P2\LR5,53.38,54.11,1429,1.96E+04,cm2015-08-26.006
cm2015-08-26.005,cm2015-08-26.005,cm2015-08-26.005,100,---,3222,4.36E+04,cm2015-08-26.005
P1,P1,cm2015-08-26.005\P1,99.72,99.72,3213,4.35E+04,cm2015-08-26.005
P2,P1\P2,cm2015-08-26.005\P1\P2,99.04,99.32,3191,4.32E+04,cm2015-08-26.005
LL3,P1\P2\LL3,cm2015-08-26.005\P1\P2\LL3,0.12,0.13,4,54.2,cm2015-08-26.005
UL3,P1\P2\UL3,cm2015-08-26.005\P1\P2\UL3,52.23,52.74,1683,2.28E+04,cm2015-08-26.005
UR3,P1\P2\UR3,cm2015-08-26.005\P1\P2\UR3,0.03,0.03,1,13.5,cm2015-08-26.005
LR3,P1\P2\LR3,cm2015-08-26.005\P1\P2\LR3,46.65,47.1,1503,2.04E+04,cm2015-08-26.005
LL4,P1\P2\LL4,cm2015-08-26.005\P1\P2\LL4,46.9,47.35,1511,2.05E+04,cm2015-08-26.005
UL4,P1\P2\UL4,cm2015-08-26.005\P1\P2\UL4,52.14,52.65,1680,2.28E+04,cm2015-08-26.005
UR4,P1\P2\UR4,cm2015-08-26.005\P1\P2\UR4,0,0,0,0,cm2015-08-26.005
LR4,P1\P2\LR4,cm2015-08-26.005\P1\P2\LR4,0,0,0,0,cm2015-08-26.005
LL5,P1\P2\LL5,cm2015-08-26.005\P1\P2\LL5,46.59,47.04,1501,2.03E+04,cm2015-08-26.005
UL5,P1\P2\UL5,cm2015-08-26.005\P1\P2\UL5,0,0,0,0,cm2015-08-26.005
UR5,P1\P2\UR5,cm2015-08-26.005\P1\P2\UR5,0,0,0,0,cm2015-08-26.005
LR5,P1\P2\LR5,cm2015-08-26.005\P1\P2\LR5,52.45,52.96,1690,2.29E+04,cm2015-08-26.005
cm2015-08-26.004,cm2015-08-26.004,cm2015-08-26.004,100,---,3065,4.15E+04,cm2015-08-26.004
P1,P1,cm2015-08-26.004\P1,99.8,99.8,3059,4.14E+04,cm2015-08-26.004
P2,P1\P2,cm2015-08-26.004\P1\P2,98.99,99.18,3034,4.11E+04,cm2015-08-26.004
LL3,P1\P2\LL3,cm2015-08-26.004\P1\P2\LL3,0.07,0.07,2,27.1,cm2015-08-26.004
UL3,P1\P2\UL3,cm2015-08-26.004\P1\P2\UL3,52.53,53.07,1610,2.18E+04,cm2015-08-26.004
UR3,P1\P2\UR3,cm2015-08-26.004\P1\P2\UR3,0.07,0.07,2,27.1,cm2015-08-26.004
LR3,P1\P2\LR3,cm2015-08-26.004\P1\P2\LR3,46.33,46.8,1420,1.92E+04,cm2015-08-26.004
LL4,P1\P2\LL4,cm2015-08-26.004\P1\P2\LL4,46.39,46.87,1422,1.93E+04,cm2015-08-26.004
UL4,P1\P2\UL4,cm2015-08-26.004\P1\P2\UL4,52.59,53.13,1612,2.18E+04,cm2015-08-26.004
UR4,P1\P2\UR4,cm2015-08-26.004\P1\P2\UR4,0,0,0,0,cm2015-08-26.004
LR4,P1\P2\LR4,cm2015-08-26.004\P1\P2\LR4,0,0,0,0,cm2015-08-26.004
LL5,P1\P2\LL5,cm2015-08-26.004\P1\P2\LL5,46.26,46.74,1418,1.92E+04,cm2015-08-26.004
UL5,P1\P2\UL5,cm2015-08-26.004\P1\P2\UL5,0,0,0,0,cm2015-08-26.004
UR5,P1\P2\UR5,cm2015-08-26.004\P1\P2\UR5,0,0,0,0,cm2015-08-26.004
LR5,P1\P2\LR5,cm2015-08-26.004\P1\P2\LR5,52.72,53.26,1616,2.19E+04,cm2015-08-26.004
cm2015-08-26.003,cm2015-08-26.003,cm2015-08-26.003,100,---,2674,3.63E+04,cm2015-08-26.003
P1,P1,cm2015-08-26.003\P1,99.81,99.81,2669,3.63E+04,cm2015-08-26.003
P2,P1\P2,cm2015-08-26.003\P1\P2,99.03,99.21,2648,3.60E+04,cm2015-08-26.003
LL3,P1\P2\LL3,cm2015-08-26.003\P1\P2\LL3,0.22,0.23,6,81.5,cm2015-08-26.003
UL3,P1\P2\UL3,cm2015-08-26.003\P1\P2\UL3,53.66,54.19,1435,1.95E+04,cm2015-08-26.003
UR3,P1\P2\UR3,cm2015-08-26.003\P1\P2\UR3,0.11,0.11,3,40.8,cm2015-08-26.003
LR3,P1\P2\LR3,cm2015-08-26.003\P1\P2\LR3,45.03,45.47,1204,1.64E+04,cm2015-08-26.003
LL4,P1\P2\LL4,cm2015-08-26.003\P1\P2\LL4,45.4,45.85,1214,1.65E+04,cm2015-08-26.003
UL4,P1\P2\UL4,cm2015-08-26.003\P1\P2\UL4,53.63,54.15,1434,1.95E+04,cm2015-08-26.003
UR4,P1\P2\UR4,cm2015-08-26.003\P1\P2\UR4,0,0,0,0,cm2015-08-26.003
LR4,P1\P2\LR4,cm2015-08-26.003\P1\P2\LR4,0,0,0,0,cm2015-08-26.003
LL5,P1\P2\LL5,cm2015-08-26.003\P1\P2\LL5,44.95,45.39,1202,1.63E+04,cm2015-08-26.003
UL5,P1\P2\UL5,cm2015-08-26.003\P1\P2\UL5,0.04,0.04,1,13.6,cm2015-08-26.003
UR5,P1\P2\UR5,cm2015-08-26.003\P1\P2\UR5,0,0,0,0,cm2015-08-26.003
LR5,P1\P2\LR5,cm2015-08-26.003\P1\P2\LR5,54.04,54.57,1445,1.96E+04,cm2015-08-26.003
cm2015-08-26.002,cm2015-08-26.002,cm2015-08-26.002,100,---,2558,3.49E+04,cm2015-08-26.002
P1,P1,cm2015-08-26.002\P1,99.84,99.84,2554,3.49E+04,cm2015-08-26.002
P2,P1\P2,cm2015-08-26.002\P1\P2,99.3,99.45,2540,3.47E+04,cm2015-08-26.002
LL3,P1\P2\LL3,cm2015-08-26.002\P1\P2\LL3,0.43,0.43,11,150,cm2015-08-26.002
UL3,P1\P2\UL3,cm2015-08-26.002\P1\P2\UL3,54.34,54.72,1390,1.90E+04,cm2015-08-26.002
UR3,P1\P2\UR3,cm2015-08-26.002\P1\P2\UR3,0.35,0.35,9,123,cm2015-08-26.002
LR3,P1\P2\LR3,cm2015-08-26.002\P1\P2\LR3,44.18,44.49,1130,1.54E+04,cm2015-08-26.002
LL4,P1\P2\LL4,cm2015-08-26.002\P1\P2\LL4,45.15,45.47,1155,1.58E+04,cm2015-08-26.002
UL4,P1\P2\UL4,cm2015-08-26.002\P1\P2\UL4,54.14,54.53,1385,1.89E+04,cm2015-08-26.002
UR4,P1\P2\UR4,cm2015-08-26.002\P1\P2\UR4,0,0,0,0,cm2015-08-26.002
LR4,P1\P2\LR4,cm2015-08-26.002\P1\P2\LR4,0,0,0,0,cm2015-08-26.002
LL5,P1\P2\LL5,cm2015-08-26.002\P1\P2\LL5,44.37,44.69,1135,1.55E+04,cm2015-08-26.002
UL5,P1\P2\UL5,cm2015-08-26.002\P1\P2\UL5,0,0,0,0,cm2015-08-26.002
UR5,P1\P2\UR5,cm2015-08-26.002\P1\P2\UR5,0.04,0.04,1,13.6,cm2015-08-26.002
LR5,P1\P2\LR5,cm2015-08-26.002\P1\P2\LR5,54.89,55.28,1404,1.92E+04,cm2015-08-26.002
